matrix,processes,ecc
0,18
| 0 - 0 - 1.000000 | 0 - 1 - 1.000000 | 1 - 0 - 2.000000 | 1 - 1 - 3.000000 | 2 - 2 - 3.000000 | 3 - 3 - 4.000000 | 4 - 4 - 5.000000 | 5 - 5 - 6.000000 | 6 - 6 - 7.000000 | 7 - 7 - 7.000000 | 8 - 8 - 9.000000 | 9 - 9 - 10.000000 | 10 - 10 - 11.000000 | 11 - 11 - 12.000000 | 12 - 12 - 13.000000 | 13 - 13 - 14.000000 | 14 - 14 - 15.000000 | 15 - 15 - 16.000000 |
0,18
| 0 - 0 - 1.000000 | 0 - 1 - 1.000000 | 1 - 2 - 3.000000 | 2 - 4 - 5.000000 | 3 - 6 - 7.000000 | 4 - 8 - 9.000000 | 5 - 10 - 11.000000 | 6 - 12 - 13.000000 | 7 - 14 - 15.000000 |
0,18
| 0 - 0 - 1.000000 | 0 - 1 - 1.000000 | 1 - 4 - 5.000000 | 2 - 8 - 9.000000 | 3 - 12 - 13.000000 |
