matrix,processes,ecc
0,1,0,0.00119209,0.00119209,0.030199,18,18,18,0,0,7.73094e+10
0,2,0.0200272,0.000953674,0.0209808,0.0377487,9,9,9,1,1,1.93274e+10
0,4,0.0121593,0,0.0121593,inf,4,5,4.5,0,1,4.29497e+09
0,8,0.0181198,0.00119209,0.0193119,inf,2,3,2.25,0,1,1.07374e+09
0,16,0.0271797,0.000953674,0.0281334,inf,1,2,1.125,0,1,2.68435e+08
0,32,0.0460148,0.00119209,0.0472069,inf,0,2,0.5625,0,1,0.0625
0,64,0.108004,0.00119209,0.109196,inf,0,2,0.28125,0,1,0.03125
0,128,1.158,0.00119209,1.15919,inf,0,2,0.140625,0,1,0.015625
