matrix,processes,ecc
0,18
0,1,0,0.00119209,0.00119209,0.030199,18,18,18,0,0,7.73094e+10
0,18
0,2,0.00905991,0.000953674,0.0100136,inf,9,9,9,1,1,1.93274e+10
0,18
0,4,0.0100136,0.000953674,0.0109673,0.0377487,4,5,4.5,0,1,4.29497e+09
