matrix,processes,max_commutation(ms),max_computation(ms),total_time(ms),gflops,min_non_zero_values,max_non_zero_values,avg_non_zero_values,min_ghost_entries,max_ghost_entries,avg_ghost_entries
4,1,0.00119209,1.61815,1.61934,0.634148,513072,513072,513072,0,0,0
4,2,1836.82,2987.95,4824.77,0.000772533,255426,257646,256536,51933,52133,52033
4,4,131277,1849.5,133127,0.000810536,125293,132353,128268,59217,61191,59985.8
4,8,109008,615.884,109624,0.00266236,62511,66223,64134,37159,39776,38081.9
4,16,38907.6,193.533,39101.1,0.00785721,31056,33801,32067,20797,23119,21599.4
4,32,22976.2,56.711,23032.9,0.0260589,15463,17356,16033.5,10981,12806,11556
4,64,3533.37,18.739,3552.11,0.0922448,7623,9209,8016.75,5648,7153,6006.8
