matrix,processes,max_commutation(ms),max_computation(ms),total_time(ms),gflops,min_non_zero_values,max_non_zero_values,avg_non_zero_values,min_ghost_entries,max_ghost_entries,avg_ghost_entries
_wk1,1,0.000953674,0.0109673,0.0119209,0.606898,3328,3328,3328,0,0,0
_wk2,2,0.00500679,0.0219345,0.0269413,0.606898,3328,3328,3328,254,256,255
_wk4,4,0.0109673,0.014782,0.0257492,2.03035,3328,3328,3328,732,740,736.25
_wk8,8,0.0231266,0.0121593,0.0352859,4.46677,3328,3328,3328,1421,1455,1443.38
_wk16,16,0.0481606,0.0121593,0.0603199,9.50376,3328,3328,3328,2082,2166,2121.56
_wk32,32,0.0739098,0.0121593,0.0860691,17.5167,3328,3328,3328,2619,2690,2655.78
_wk64,64,0.0989437,0.013113,0.112057,32.4856,3328,3328,3328,2928,2998,2966
_wk128,128,54.0121,0.404119,54.4162,32.7836,3328,3328,3328,3098,3177,3142.13